model,cv_ROC_AUC,cv_PR_AUC,cv_F1,cv_MCC,test_ROC_AUC,test_PR_AUC,test_F1,test_Recall,test_Precision,test_MCC,test_threshold
ClassWeight RF,0.9655222124577051,0.74978446982859,0.7338462758030251,0.7287413623794793,0.961579740591889,0.7929305569042088,0.7716535433070865,0.7205882352941176,0.8305084745762712,0.7662590508057884,0.3466666666666667
BalancedRF,0.9700813756407145,0.6489294535691323,0.6198940082197707,0.6146079438777978,0.9726966873706004,0.6976405048744491,0.681159420289855,0.6911764705882353,0.6714285714285714,0.6698443055336875,0.88
EasyEnsemble,0.9569599024275671,0.5367518604885133,0.5257168231706163,0.531303520319413,0.9441146023626842,0.48278702370409515,0.5132743362831859,0.8529411764705882,0.3670886075949367,0.538288978724739,0.5111213915298315
SMOTE + LogReg,0.8967398033640261,0.43316256196875147,0.4615200434924687,0.4489023164236342,0.9082024113993423,0.4038961452629577,0.4444444444444445,0.5294117647058824,0.3829787234042553,0.42763516099713517,0.850911039384667
ClassWeight LogReg,0.8967664082685373,0.4420771133081473,0.47289070658774923,0.45860703780360057,0.9079892826695896,0.4034696338203147,0.44303797468354433,0.5147058823529411,0.3888888888888889,0.42507831632387144,0.8499919401755254
ADASYN + LogReg,0.895096167213526,0.4275535219129182,0.4597533858904386,0.45099004275887744,0.9101662404092072,0.3935955659984395,0.4270833333333333,0.6029411764705882,0.33064516129032256,0.4208270741168771,0.8220907189171679
